date,impressions,clicks,spend_aed,sessions,engaged_sessions,new_users,add_to_cart,begin_checkout,purchases,revenue_aed,weekday,event
2024-01-01,2410068,25578,24080.59,32094,19142,20825,4130,2157,1320,154386.15,Mon,
2024-01-02,2351823,25208,24172.78,32542,19675,20948,4219,2196,1343,155133.04,Tue,
2024-01-03,2397946,25280,23818.89,34460,20653,22391,4415,2312,1418,164239.11,Wed,
2024-01-04,2395786,25742,23775.33,39388,23552,25238,5041,2619,1606,187472.27,Thu,
2024-01-05,2287833,25244,24136.11,42711,25418,27761,5491,2820,1734,200313.36,Fri,
2024-01-06,2282212,24958,23899.65,43466,26191,28117,5540,2889,1776,208220.32,Sat,
2024-01-07,2273924,24694,23554.5,35894,21640,23196,4637,2424,1487,173689.69,Sun,
2024-01-08,2374895,25453,23943.08,32022,19017,20752,4124,2120,1293,150114.54,Mon,
2024-01-09,2358022,25625,24248.13,32842,19680,21340,4237,2221,1350,154748.11,Tue,
2024-01-10,2356497,25515,23801.64,34313,20548,22116,4359,2249,1376,159195.18,Wed,
2024-01-11,2439436,25764,24221.35,39662,23633,25673,5085,2655,1635,192662.14,Thu,
2024-01-12,2350978,25472,24405.69,43575,25994,28049,5674,2958,1816,212867.42,Fri,
2024-01-13,2463887,25737,23906.93,44255,26430,28966,5671,2937,1822,213109.01,Sat,
2024-01-14,2391337,25572,24263.02,36701,21929,23567,4806,2514,1563,180409.79,Sun,
2024-01-15,2255847,25184,24369.47,31800,19042,20567,4153,2171,1320,151792.24,Mon,
2024-01-16,2417901,26119,24496.52,33507,19972,21705,4256,2217,1363,159705.46,Tue,
2024-01-17,2426186,26115,24523.42,34791,20670,22573,4463,2331,1416,165330.44,Wed,
2024-01-18,2352909,25780,24073.92,39196,23205,25639,4954,2592,1588,182620.99,Thu,
2024-01-19,2371016,25860,24648.81,44131,26397,28613,5696,2977,1828,214254.67,Fri,
2024-01-20,2407592,26109,24566.29,45129,26990,29522,5824,3067,1877,220335.79,Sat,
2024-01-21,2539111,26900,24554.14,37464,22026,24616,4732,2461,1508,172559.37,Sun,
2024-01-22,2443159,26286,25135.85,32676,19473,21278,4176,2161,1306,150083.38,Mon,
2024-01-23,2453522,26165,24753.97,33634,20115,21679,4347,2268,1384,159417.56,Tue,
2024-01-24,2392429,25748,24475.55,34370,20595,22520,4476,2325,1427,165262.25,Wed,
2024-01-25,2360095,25653,24517.74,38955,23218,25450,4963,2575,1581,184349.02,Thu,
2024-01-26,2403660,25786,24563.8,44107,26408,28325,5730,2972,1808,206978.23,Fri,
2024-01-27,2504036,26697,25206.95,45557,26935,30023,5788,3065,1884,218529.81,Sat,
2024-01-28,2337344,26006,24868.24,36691,21899,23996,4697,2487,1517,174655.63,Sun,
2024-01-29,2353470,25552,24715.15,32476,19432,20743,4228,2187,1326,152481.09,Mon,
2024-01-30,2358214,26144,24730.06,33479,20069,21744,4279,2226,1356,156421.09,Tue,
2024-01-31,2341464,25307,24339.17,33898,20220,21993,4351,2251,1396,162601.59,Wed,
2024-02-01,2498262,26418,24895.23,40228,24013,25992,5200,2704,1661,194708.1,Thu,
2024-02-02,2482859,26468,24827.21,44234,26358,28824,5592,2914,1770,204873.03,Fri,
2024-02-03,2430131,25915,24587.87,44785,26861,28849,5896,3057,1856,212996.34,Sat,
2024-02-04,2409337,26216,24636.27,37678,22545,24292,4840,2504,1543,179986.19,Sun,
2024-02-05,2425581,26149,24777.02,32773,19619,21301,4183,2169,1322,152520.67,Mon,
2024-02-06,2382575,25906,24624.15,33283,19862,21578,4317,2248,1376,160083.77,Tue,
2024-02-07,2375111,25691,24585.43,34611,20836,22604,4529,2368,1455,169449.17,Wed,
2024-02-08,2511091,26253,25032.6,40191,23942,26128,5115,2670,1627,188256.95,Thu,
2024-02-09,2392926,26038,25123.35,44324,26532,28541,5741,2990,1840,210232.01,Fri,
2024-02-10,2408283,25910,24564.13,44681,26893,28818,5805,3005,1860,215061.49,Sat,
2024-02-11,2482892,26546,24840.49,37595,22633,24523,4836,2520,1540,178505.52,Sun,
2024-02-12,2450512,26423,24788.38,33088,19868,21612,4231,2218,1365,160775.03,Mon,
2024-02-13,2425137,26413,24866.91,33322,19884,21812,4250,2217,1353,157234.54,Tue,
2024-02-14,2372491,26038,25014.36,34691,20754,22394,4486,2340,1420,164446.96,Wed,
2024-02-15,2301069,25556,24777.66,39503,23845,25600,5139,2702,1651,192895.57,Thu,
2024-02-16,2523192,26468,24824.3,44971,26583,29329,5613,2912,1780,211242.66,Fri,
2024-02-17,2408809,26085,24576.09,45301,27233,29090,5863,3045,1897,220012.3,Sat,
2024-02-18,2424853,26302,25277.89,36878,22165,23968,4822,2508,1543,178592.81,Sun,
2024-02-19,2415836,25831,24535.37,32420,19373,21090,4179,2159,1326,155619.42,Mon,
2024-02-20,2438727,26948,25007.83,33959,20218,22129,4301,2244,1381,165578.83,Tue,
2024-02-21,2457473,26593,24818.85,35141,21002,23005,4445,2317,1417,164333.41,Wed,
2024-02-22,2464660,25842,24462.2,39389,23394,25749,5009,2625,1627,187774.36,Thu,
2024-02-23,2487102,26129,24814.19,45493,27421,29511,5887,3081,1902,220025.34,Fri,
2024-02-24,2509458,26652,25056.39,45964,27378,29645,5922,3051,1872,216452.66,Sat,
2024-02-25,2423974,26815,25212.44,37917,22646,24609,4870,2559,1561,181163.31,Sun,
2024-02-26,2506441,26700,25352.53,33334,19998,21626,4251,2218,1349,156487.12,Mon,
2024-02-27,2487806,27287,25400.05,34759,20786,22532,4393,2330,1420,165069.05,Tue,
2024-02-28,2467738,26277,25278.89,35093,21015,22837,4403,2282,1387,159311.38,Wed,
2024-02-29,2383463,25915,24554.42,39491,23531,25748,5010,2614,1610,188013.51,Thu,
2024-03-01,2412830,26749,25248.69,45347,27077,29579,5816,3021,1831,213383.2,Fri,
2024-03-02,2427413,26614,24824.95,45829,27261,29665,5771,3004,1821,209215.27,Sat,
2024-03-03,2439934,26532,25110.44,37412,22378,24366,4776,2503,1550,176982.68,Sun,
2024-03-04,2406181,26255,24828.36,32423,19305,21102,4229,2197,1331,154237.72,Mon,
2024-03-05,2433278,26462,24830.42,33383,20016,21625,4296,2258,1381,159855.18,Tue,
2024-03-06,2548503,27223,25523.69,35942,21576,23309,4520,2374,1434,167636.66,Wed,
2024-03-07,2518935,26772,25105.12,40516,24015,26512,5184,2679,1637,190025.42,Thu,
2024-03-08,2453380,26268,24727.55,44085,26305,28422,5710,2966,1808,211703.26,Fri,
2024-03-09,2511342,26939,25211.95,46194,27483,30141,5925,3092,1886,212598.63,Sat,
2024-03-10,2470419,26403,25012.61,36703,21761,24244,4655,2417,1477,168450.43,Sun,
2024-03-11,2804026,30478,31649.12,39284,23543,25336,4753,2464,1507,204552.7,Mon,Ramadan 2024
2024-03-12,2781674,29859,32007.9,39926,23920,25408,4842,2523,1563,215999.68,Tue,Ramadan 2024
2024-03-13,2762313,29870,31077.76,41134,24979,26135,4911,2572,1594,217792.19,Wed,Ramadan 2024
2024-03-14,2791014,30177,30937.75,48089,29005,30690,5810,3006,1837,253909.64,Thu,Ramadan 2024
2024-03-15,2848220,30634,31628.28,53531,32018,34144,6466,3369,2085,285531.83,Fri,Ramadan 2024
2024-03-16,2766537,30396,31888.82,53836,32420,34365,6516,3375,2074,282431.94,Sat,Ramadan 2024
2024-03-17,2845240,30576,31662.27,44614,26583,28810,5282,2783,1698,233913.72,Sun,Ramadan 2024
2024-03-18,2726519,30344,31878.64,39495,23697,25340,4761,2505,1527,207849.86,Mon,Ramadan 2024
2024-03-19,2782217,30688,31690.31,40423,24261,25649,4902,2580,1580,215321.44,Tue,Ramadan 2024
2024-03-20,2770140,30259,31181.66,42137,25329,26612,5068,2637,1622,225622.0,Wed,Ramadan 2024
2024-03-21,2758069,29463,30913.72,46843,28344,29854,5721,3011,1866,258635.51,Thu,Ramadan 2024
2024-03-22,2945376,31350,32174.43,54475,32447,34802,6432,3355,2048,280933.02,Fri,Ramadan 2024
2024-03-23,2795788,30472,31962.27,54173,32559,34734,6468,3367,2050,283806.45,Sat,Ramadan 2024
2024-03-24,2773668,30031,32078.83,43833,26348,27855,5341,2772,1710,233434.98,Sun,Ramadan 2024
2024-03-25,2788361,30121,31554.48,38827,23352,24702,4715,2456,1509,206101.9,Mon,Ramadan 2024
2024-03-26,2816491,30172,31290.89,40052,24054,25637,4871,2540,1555,214990.0,Tue,Ramadan 2024
2024-03-27,2793674,31377,32278.39,42723,25639,27326,5074,2648,1605,218401.96,Wed,Ramadan 2024
2024-03-28,2675980,29413,31430.96,46798,28109,29679,5691,2939,1813,247290.87,Thu,Ramadan 2024
2024-03-29,2757508,30598,31548.95,52797,31764,33908,6338,3288,2035,281859.75,Fri,Ramadan 2024
2024-03-30,2692058,29469,31452.03,54027,32626,34387,6617,3453,2123,296538.08,Sat,Ramadan 2024
2024-03-31,2815127,30382,31610.61,44670,27122,28237,5416,2792,1727,238846.0,Sun,Ramadan 2024
2024-04-01,2941187,31254,32022.84,40279,24143,25977,4800,2500,1548,209844.0,Mon,Ramadan 2024
2024-04-02,2804445,30469,32156.75,40318,24164,25583,4792,2500,1545,210372.64,Tue,Ramadan 2024
2024-04-03,2839233,30209,31527.74,41878,25295,26866,5138,2664,1630,226330.48,Wed,Ramadan 2024
2024-04-04,2795676,30522,31692.63,48402,28952,31278,5777,3029,1847,248246.67,Thu,Ramadan 2024
2024-04-05,2752521,30036,31404.39,53095,32123,33726,6316,3308,2047,277972.67,Fri,Ramadan 2024
2024-04-06,2678672,30260,31720.06,53951,32577,34476,6548,3372,2050,276049.9,Sat,Ramadan 2024
2024-04-07,2781667,30128,31494.76,44645,27017,28640,5361,2780,1722,232528.41,Sun,Ramadan 2024
2024-04-08,2778614,30691,31976.17,38973,23304,25317,4670,2457,1501,205378.37,Mon,Ramadan 2024
2024-04-09,2721384,29792,31016.19,39595,23859,25214,4810,2501,1550,212530.62,Tue,Ramadan 2024
2024-04-10,3020389,33508,35259.65,58270,36125,35662,10396,5417,3425,426351.35,Wed,Eid Al Fitr 2024
2024-04-11,3052698,33429,35157.42,66010,40398,41099,11658,6038,3754,466729.12,Thu,Eid Al Fitr 2024
2024-04-12,3222551,34950,36074.37,74945,45428,46537,13130,6776,4165,510022.0,Fri,Eid Al Fitr 2024
2024-04-13,3161431,34366,36002.49,75493,46120,46729,13246,6939,4258,533546.64,Sat,Eid Al Fitr 2024
2024-04-14,3099741,33873,35782.33,62310,37965,38246,10969,5762,3578,446228.97,Sun,Eid Al Fitr 2024
2024-04-15,2367082,25850,25050.77,32627,19520,20877,4193,2131,1305,151471.77,Mon,
2024-04-16,2465864,26491,24773.18,33792,20213,21858,4344,2251,1380,161109.17,Tue,
2024-04-17,2435214,25713,24313.04,34512,20705,22296,4427,2315,1420,164864.11,Wed,
2024-04-18,2366309,26173,25007.24,40053,24010,25842,5196,2707,1638,186852.95,Thu,
2024-04-19,2446677,26218,24709.79,44762,26573,28853,5798,3064,1880,217700.61,Fri,
2024-04-20,2456954,25836,24575.06,45391,27087,29473,5796,2999,1837,212240.16,Sat,
2024-04-21,2384667,25471,24762.91,36788,22071,24000,4684,2445,1495,173723.68,Sun,
2024-04-22,2420255,26277,24849.6,32945,19596,21339,4268,2207,1349,154720.97,Mon,
2024-04-23,2447589,26136,24731.26,34312,20557,22177,4451,2314,1427,168482.97,Tue,
2024-04-24,2473170,26423,24945.3,35003,20817,22953,4523,2329,1422,164723.69,Wed,
2024-04-25,2398956,25909,25151.01,39783,23796,25514,5186,2706,1679,196071.14,Thu,
2024-04-26,2359865,25485,24873.7,43633,26194,28149,5661,2989,1834,211744.29,Fri,
2024-04-27,2400252,25695,24640.43,44866,27068,29031,5837,3010,1849,211345.18,Sat,
2024-04-28,2382975,25501,24460.26,36591,21851,23780,4740,2415,1476,171084.75,Sun,
2024-04-29,2418773,25770,24217.24,32902,19524,21224,4199,2173,1336,151529.98,Mon,
2024-04-30,2387499,26280,24904.74,33902,20282,21896,4339,2264,1388,161709.41,Tue,
2024-05-01,2452746,26373,24861.23,34976,20731,22915,4351,2264,1382,158929.33,Wed,
2024-05-02,2510631,26358,24879.28,40291,24037,26276,5152,2654,1608,184934.8,Thu,
2024-05-03,2368419,25557,24291.64,44006,26414,28391,5652,2955,1806,208003.83,Fri,
2024-05-04,2384406,25361,24228.12,44173,26603,28234,5713,2980,1829,212304.7,Sat,
2024-05-05,2419444,26336,24860.3,37971,22775,24461,4921,2557,1586,180408.17,Sun,
2024-05-06,2302932,24845,23845.06,31764,19025,20316,4145,2150,1319,151612.65,Mon,
2024-05-07,2430045,26146,24583.81,33523,19960,21982,4289,2270,1388,161851.33,Tue,
2024-05-08,2383633,25458,24301.07,34635,20930,22103,4484,2338,1457,169136.18,Wed,
2024-05-09,2377219,25234,24486.51,39219,23552,25453,5011,2639,1602,188114.58,Thu,
2024-05-10,2334456,25128,23693.49,43230,25859,27931,5502,2847,1754,206758.89,Fri,
2024-05-11,2294509,25114,24063.63,44594,26608,28752,5764,3005,1813,211859.91,Sat,
2024-05-12,2285538,25032,23694.19,36360,21963,23423,4700,2440,1500,175909.9,Sun,
2024-05-13,2441367,25926,23885.46,32788,19660,21422,4143,2156,1315,149692.78,Mon,
2024-05-14,2345913,25211,24329.56,33196,20013,21239,4262,2201,1353,157594.74,Tue,
2024-05-15,2381938,25287,24106.61,34496,20673,22223,4394,2269,1375,160128.83,Wed,
2024-05-16,2302753,25003,23808.35,39219,23613,25346,5041,2619,1595,181252.8,Thu,
2024-05-17,2360380,25303,24296.99,43665,26292,27930,5679,2991,1856,219974.46,Fri,
2024-05-18,2318483,25070,24114.79,44443,26836,28497,5738,2996,1833,212673.07,Sat,
2024-05-19,2456232,25980,24412.29,36868,21989,23856,4714,2462,1495,175161.87,Sun,
2024-05-20,2377176,25364,24014.71,31998,19228,20578,4171,2183,1345,153638.85,Mon,
2024-05-21,2342186,25018,23643.31,33043,19873,21200,4324,2250,1370,158781.79,Tue,
2024-05-22,2268397,25064,24238.82,34060,20529,22052,4433,2293,1401,163414.19,Wed,
2024-05-23,2261503,24821,23873.16,39290,23618,25250,5078,2642,1631,188004.33,Thu,
2024-05-24,2287358,25198,24089.9,43133,25825,27909,5588,2910,1794,210924.37,Fri,
2024-05-25,2316566,25054,23755.13,43985,26661,28034,5718,2996,1831,214506.44,Sat,
2024-05-26,2394763,25606,23940.31,36759,22001,23832,4667,2405,1462,167617.53,Sun,
2024-05-27,2287145,24948,23685.46,32065,19416,20590,4114,2133,1302,150820.41,Mon,
2024-05-28,2292591,25137,24070.05,33014,19919,21195,4229,2216,1354,160164.2,Tue,
2024-05-29,2308495,24927,23948.66,33781,20257,21955,4358,2253,1382,161833.86,Wed,
2024-05-30,2360567,25209,24189.16,39084,23405,25243,4979,2603,1576,181445.51,Thu,
2024-05-31,2279437,24963,24158.5,43108,25884,27733,5629,2930,1784,207937.61,Fri,
2024-06-01,2255981,24613,23818.69,43564,26185,27851,5722,2955,1805,213127.3,Sat,
2024-06-02,2323762,25016,23700.76,36330,21625,23342,4665,2449,1516,175532.09,Sun,
2024-06-03,2321586,25029,24058.87,31886,19220,20389,4151,2168,1327,155689.94,Mon,
2024-06-04,2338314,24883,23366.52,32637,19621,20865,4237,2187,1338,154925.15,Tue,
2024-06-05,2283252,24344,23498.49,33430,20044,21576,4355,2287,1382,159212.32,Wed,
2024-06-06,2302947,25092,23495.51,39331,23705,25532,5028,2640,1628,189630.56,Thu,
2024-06-07,2229489,24254,23104.42,42457,25378,27321,5515,2868,1772,205994.41,Fri,
2024-06-08,2273916,24397,22977.77,43597,26343,28018,5670,2982,1834,211707.27,Sat,
2024-06-09,2261642,24322,23331.4,35734,21459,22845,4642,2403,1470,170934.01,Sun,
2024-06-10,2235915,24240,23320.97,31227,18798,20047,4090,2129,1314,152635.24,Mon,
2024-06-11,2367126,25234,23510.0,33245,19959,21287,4309,2238,1362,158658.29,Tue,
2024-06-12,2236176,24508,23352.25,33588,20211,21487,4403,2269,1397,159594.89,Wed,
2024-06-13,2319184,24842,23915.16,39137,23602,25118,5091,2681,1635,189709.56,Thu,
2024-06-14,2300757,24967,23638.94,43134,25860,27891,5562,2901,1780,207009.11,Fri,
2024-06-15,2303210,24458,23242.54,43380,26274,27876,5489,2837,1726,200510.44,Sat,
2024-06-16,2219697,24110,23064.59,35172,21141,22519,4512,2357,1457,171390.62,Sun,
2024-06-17,2195226,24140,23362.37,31132,18642,19985,4050,2097,1304,154207.82,Mon,
2024-06-18,2227518,24083,22836.63,31734,19157,20201,4150,2173,1330,153968.08,Tue,
2024-06-19,2253561,24579,23556.76,33811,20292,21813,4388,2286,1423,165404.08,Wed,
2024-06-20,2311981,24913,23579.28,39385,23752,25304,5063,2657,1605,187822.26,Thu,
2024-06-21,2223563,24147,23102.77,41982,25352,27093,5553,2932,1808,208950.17,Fri,
2024-06-22,2233225,24303,23128.57,43581,26262,28063,5711,2960,1835,212564.16,Sat,
2024-06-23,2254207,24642,23377.39,36215,21768,23467,4672,2427,1494,173837.14,Sun,
2024-06-24,2245424,24421,23132.33,31387,18832,20178,4123,2135,1319,154675.86,Mon,
2024-06-25,2224034,24258,22813.09,32037,19273,20542,4154,2147,1311,152406.66,Tue,
2024-06-26,2343611,24775,23197.24,33523,20045,21545,4385,2285,1417,165118.85,Wed,
2024-06-27,2196594,24046,22950.67,38343,23199,24413,4972,2572,1572,185846.32,Thu,
2024-06-28,2186798,24209,23275.15,42423,25579,27422,5477,2852,1715,199707.28,Fri,
2024-06-29,2295621,24584,23595.36,43771,26302,28023,5664,2949,1778,208302.85,Sat,
2024-06-30,2245091,24186,23108.34,35589,21557,22946,4663,2435,1510,174399.28,Sun,
2024-07-01,2547292,27306,28567.45,32737,19591,21105,4432,2343,1454,199047.23,Mon,Summer Promo 2024
2024-07-02,2460887,26336,27858.47,31968,19145,20483,4309,2249,1384,189628.91,Tue,Summer Promo 2024
2024-07-03,2401742,26582,28269.59,33761,20454,21734,4706,2409,1487,205493.3,Wed,Summer Promo 2024
2024-07-04,2458446,26901,28162.2,39017,23240,25196,5249,2728,1667,227735.7,Thu,Summer Promo 2024
2024-07-05,2373864,26138,27780.67,42495,25562,27084,5823,3025,1850,253555.82,Fri,Summer Promo 2024
2024-07-06,2438368,26442,27663.84,43208,25869,27770,5762,3017,1850,249836.78,Sat,Summer Promo 2024
2024-07-07,2399494,26033,27746.79,35455,21252,22826,4871,2527,1539,209620.75,Sun,Summer Promo 2024
2024-07-08,2360216,26566,28273.83,31817,19192,20448,4356,2269,1388,190825.83,Mon,Summer Promo 2024
2024-07-09,2436253,26959,28355.58,32554,19476,20954,4392,2291,1398,190374.0,Tue,Summer Promo 2024
2024-07-10,2406736,26646,28071.88,33797,20386,21834,4606,2385,1461,196688.94,Wed,Summer Promo 2024
2024-07-11,2431584,27120,28005.57,39110,23384,25448,5259,2749,1674,231618.47,Thu,Summer Promo 2024
2024-07-12,2405667,26003,27233.43,42502,25569,27357,5808,3011,1865,255890.21,Fri,Summer Promo 2024
2024-07-13,2380718,26087,27212.3,43044,25860,27618,5897,3061,1882,256137.22,Sat,Summer Promo 2024
2024-07-14,2453254,26957,28215.6,35981,21509,23353,4931,2564,1559,217094.22,Sun,Summer Promo 2024
2024-07-15,2409840,26583,27843.09,31893,19146,20491,4308,2234,1378,190291.08,Mon,Summer Promo 2024
2024-07-16,2455104,27104,28492.62,32877,19625,21133,4484,2325,1416,195992.35,Tue,Summer Promo 2024
2024-07-17,2534806,26868,27959.41,34127,20450,21957,4580,2396,1455,197389.47,Wed,Summer Promo 2024
2024-07-18,2466355,26865,28553.78,39476,23977,25275,5336,2775,1714,236123.78,Thu,Summer Promo 2024
2024-07-19,2374893,26203,27651.41,42620,25495,27412,5833,3022,1855,255177.59,Fri,Summer Promo 2024
2024-07-20,2381987,26212,27218.93,43495,26376,27755,6014,3113,1920,265714.61,Sat,Summer Promo 2024
2024-07-21,2429298,26482,27846.13,35717,21388,23007,4858,2548,1559,214758.49,Sun,Summer Promo 2024
2024-07-22,2553254,27178,28247.22,31963,19275,20649,4332,2252,1399,191565.93,Mon,Summer Promo 2024
2024-07-23,2432887,26723,28220.51,32642,19564,20940,4447,2334,1422,193753.03,Tue,Summer Promo 2024
2024-07-24,2538755,26977,27813.26,34622,20778,22188,4772,2477,1518,210462.03,Wed,Summer Promo 2024
2024-07-25,2380118,26779,27786.43,39010,23423,24904,5347,2806,1755,238986.48,Thu,Summer Promo 2024
2024-07-26,2472924,26755,27451.35,43443,25907,27736,5920,3078,1873,259055.44,Fri,Summer Promo 2024
2024-07-27,2415053,25931,27494.5,42862,25815,27737,5904,3066,1892,256578.24,Sat,Summer Promo 2024
2024-07-28,2367673,25889,27453.79,35650,21265,22985,4896,2533,1569,216611.66,Sun,Summer Promo 2024
2024-07-29,2393024,26069,27558.14,31543,18916,20178,4346,2262,1386,191584.63,Mon,Summer Promo 2024
2024-07-30,2441197,26394,27687.85,31686,18998,20467,4337,2262,1387,187305.37,Tue,Summer Promo 2024
2024-07-31,2589716,27260,27812.2,34088,20307,22198,4576,2370,1453,199493.04,Wed,Summer Promo 2024
2024-08-01,2392447,26160,27902.73,38207,22963,24555,5147,2669,1645,229560.01,Thu,Summer Promo 2024
2024-08-02,2330934,25635,27442.55,41912,25298,26603,5839,3023,1862,253726.88,Fri,Summer Promo 2024
2024-08-03,2495670,26602,28151.41,43679,26159,28152,6018,3123,1921,263083.09,Sat,Summer Promo 2024
2024-08-04,2484592,26360,27883.27,35731,21373,22867,4867,2553,1557,215005.65,Sun,Summer Promo 2024
2024-08-05,2411228,25745,27405.01,30924,18567,19845,4161,2190,1334,181897.32,Mon,Summer Promo 2024
2024-08-06,2435309,26110,26961.79,31890,19168,20348,4378,2285,1413,196316.68,Tue,Summer Promo 2024
2024-08-07,2442301,26814,27690.5,34039,20456,21884,4669,2411,1466,200896.17,Wed,Summer Promo 2024
2024-08-08,2384922,26074,27742.27,38286,22960,24695,5221,2740,1674,233287.16,Thu,Summer Promo 2024
2024-08-09,2403769,25934,27212.58,42020,25237,27292,5747,2999,1854,250670.69,Fri,Summer Promo 2024
2024-08-10,2493410,26623,28129.6,43947,26497,28494,5989,3125,1898,260663.2,Sat,Summer Promo 2024
2024-08-11,2417233,26591,27628.97,35581,21320,22974,4855,2537,1552,213592.82,Sun,Summer Promo 2024
2024-08-12,2461063,26171,27458.75,31820,18969,20246,4354,2269,1403,194790.18,Mon,Summer Promo 2024
2024-08-13,2368769,26146,27630.37,32203,19374,20697,4351,2288,1401,192206.99,Tue,Summer Promo 2024
2024-08-14,2482350,26733,28041.39,34410,20710,21831,4736,2454,1499,205014.98,Wed,Summer Promo 2024
2024-08-15,2428605,26564,28380.23,38672,23209,24626,5243,2744,1682,230224.22,Thu,Summer Promo 2024
2024-08-16,2199412,23843,22944.45,42416,25727,26940,5492,2841,1747,205346.98,Fri,
2024-08-17,2134742,23274,22406.57,42067,25365,26844,5450,2836,1740,205096.2,Sat,
2024-08-18,2245575,24473,23239.29,35707,21486,22909,4612,2401,1477,172421.89,Sun,
2024-08-19,2159335,23378,22548.74,30837,18545,19595,4052,2120,1299,151147.18,Mon,
2024-08-20,2193067,23607,22991.61,31781,19201,20147,4180,2182,1361,159482.99,Tue,
2024-08-21,2253898,23944,22841.12,33505,20130,21461,4275,2206,1362,157196.79,Wed,
2024-08-22,2244267,24146,23032.76,38110,23027,24084,4985,2586,1573,183226.46,Thu,
2024-08-23,2303080,24471,23070.74,42900,25830,27726,5544,2877,1756,204576.23,Fri,
2024-08-24,2217756,23464,22678.93,42602,25786,27023,5618,2920,1819,210064.85,Sat,
2024-08-25,2164407,23740,23069.26,35135,21294,22447,4628,2397,1472,173105.85,Sun,
2024-08-26,2262416,24122,23182.98,31650,19053,20201,4139,2175,1328,150466.47,Mon,
2024-08-27,2187580,23831,22809.21,31937,19200,20457,4161,2157,1326,155178.85,Tue,
2024-08-28,2175448,23702,23037.08,33827,20368,21560,4382,2265,1384,160272.41,Wed,
2024-08-29,2121019,23665,22740.12,37849,22942,24082,4959,2570,1580,184272.14,Thu,
2024-08-30,2227915,24042,22901.88,42488,25765,27163,5500,2869,1758,207782.84,Fri,
2024-08-31,2169339,23773,22882.72,43136,26250,27770,5673,2963,1817,212290.95,Sat,
2024-09-01,2197396,23952,22965.15,35746,21559,22936,4578,2398,1475,170008.69,Sun,
2024-09-02,2195869,24223,23233.14,31472,19093,20170,4094,2151,1329,152948.65,Mon,
2024-09-03,2238623,24035,23035.8,31904,19276,20217,4219,2207,1360,160535.28,Tue,
2024-09-04,2230029,24115,22794.12,33273,19933,21428,4350,2273,1418,165422.56,Wed,
2024-09-05,2305456,24122,23286.13,38870,23381,24796,5119,2676,1651,190041.16,Thu,
2024-09-06,2225940,24127,23342.91,42445,25729,27283,5567,2917,1784,207261.27,Fri,
2024-09-07,2206291,23947,22971.48,43219,25963,27539,5615,2944,1808,214522.92,Sat,
2024-09-08,2210173,24458,23400.58,35933,21478,22921,4650,2425,1497,173734.54,Sun,
2024-09-09,2223475,24406,23032.04,31558,18866,20312,4102,2132,1312,152616.82,Mon,
2024-09-10,2178474,23763,23312.15,31953,19326,20403,4188,2191,1354,158846.26,Tue,
2024-09-11,2300488,24740,23662.45,34337,20665,22106,4420,2291,1410,164118.49,Wed,
2024-09-12,2294293,24659,23413.84,39032,23435,24852,5121,2689,1644,191609.11,Thu,
2024-09-13,2255078,24254,23252.98,42445,25704,27272,5554,2884,1743,201133.3,Fri,
2024-09-14,2281354,24949,23311.77,44901,26788,28659,5810,3035,1890,218783.32,Sat,
2024-09-15,2225172,23949,23173.22,35341,21354,22561,4538,2371,1447,167701.42,Sun,
2024-09-16,2211109,24087,23094.65,31470,18936,20042,4059,2121,1308,152793.62,Mon,
2024-09-17,2190639,24405,23852.05,32572,19798,20742,4222,2211,1369,159798.68,Tue,
2024-09-18,2881364,32187,34788.5,40241,20797,22082,4452,2326,1434,165199.57,Wed,
2024-09-19,2895808,31959,35145.67,45447,23406,24923,5008,2644,1634,186920.39,Thu,
2024-09-20,2300033,24952,23530.7,43569,26140,28013,5612,2917,1784,205002.29,Fri,
2024-09-21,2221389,24415,23536.91,43966,26697,28141,5742,3016,1874,216693.12,Sat,
2024-09-22,2238554,24187,22988.65,35941,21590,23087,4597,2416,1473,168656.24,Sun,
2024-09-23,2231596,24259,23573.35,31968,19532,20458,4150,2162,1319,153743.84,Mon,
2024-09-24,2261623,24606,23628.27,32320,19436,20556,4191,2193,1345,157329.78,Tue,
2024-09-25,2247830,24466,23371.38,34356,20727,22041,4473,2359,1423,166331.46,Wed,
2024-09-26,2223974,24340,23473.66,38952,23480,24876,5128,2659,1648,189115.03,Thu,
2024-09-27,2300794,24752,23821.32,43196,25892,27961,5607,2950,1837,213300.03,Fri,
2024-09-28,2214425,24181,23470.36,43820,26390,28063,5711,2958,1808,211573.6,Sat,
2024-09-29,2288464,24716,23526.6,36068,21672,23211,4599,2394,1465,169449.09,Sun,
2024-09-30,2279279,24762,23709.22,32247,19623,20862,4199,2172,1321,156530.72,Mon,
2024-10-01,2229735,24335,23255.94,32685,19591,20896,4217,2197,1340,157175.8,Tue,
2024-10-02,2203734,24140,23279.23,33717,20395,21687,4437,2298,1410,163817.06,Wed,
2024-10-03,2408102,25241,24321.97,39488,23523,25641,5073,2640,1619,190290.43,Thu,
2024-10-04,2311441,25108,23799.18,44256,26577,28046,5860,3044,1866,216779.14,Fri,
2024-10-05,2283286,24881,23720.64,44628,26994,28491,5804,3035,1881,221309.04,Sat,
2024-10-06,2320396,25185,23742.67,36748,22017,23630,4739,2479,1522,175417.15,Sun,
2024-10-07,2269308,24718,23846.91,32034,19357,20350,4186,2171,1315,153619.84,Mon,
2024-10-08,2250438,25075,24234.0,33379,20168,21386,4312,2244,1386,160242.99,Tue,
2024-10-09,2188962,24089,23582.2,33468,20306,21394,4368,2304,1419,162481.22,Wed,
2024-10-10,2372067,25476,24353.53,39833,24086,25668,5116,2672,1645,191243.79,Thu,
2024-10-11,2294916,24853,24038.02,43323,25987,27756,5650,2957,1805,207716.6,Fri,
2024-10-12,2267777,24934,23877.51,44543,26852,28858,5766,3011,1860,218204.11,Sat,
2024-10-13,2290376,24437,23706.52,36298,21807,23096,4700,2426,1517,173898.08,Sun,
2024-10-14,2306091,24804,23819.64,31978,19091,20414,4161,2188,1349,157942.76,Mon,
2024-10-15,2387943,25315,24435.55,33464,20233,21459,4340,2243,1393,161653.19,Tue,
2024-10-16,2315866,24846,23991.91,34152,20412,21952,4432,2321,1416,163874.55,Wed,
2024-10-17,2296129,25201,24104.82,39827,23926,25863,5171,2668,1636,188091.24,Thu,
2024-10-18,2290321,25081,24322.38,44312,26890,28261,5760,2989,1843,212444.1,Fri,
2024-10-19,2291186,25081,24254.49,44577,26870,28538,5840,3032,1856,215678.14,Sat,
2024-10-20,2301337,25087,24049.84,36508,21836,23564,4682,2440,1493,175380.7,Sun,
2024-10-21,2361886,25769,24512.35,32878,19689,21158,4203,2173,1339,157255.93,Mon,
2024-10-22,2244255,24797,23994.63,33223,20162,21057,4368,2269,1389,160353.84,Tue,
2024-10-23,2183329,24132,23772.69,33684,20382,21239,4459,2299,1417,165474.7,Wed,
2024-10-24,2249988,25119,24614.08,40053,24254,25712,5271,2711,1674,198713.98,Thu,
2024-10-25,2389336,25662,24561.83,44688,26990,28925,5719,2957,1794,208385.56,Fri,
2024-10-26,2425072,25827,24582.41,45119,26852,29206,5810,3025,1846,220483.16,Sat,
2024-10-27,2331981,25551,24689.41,37444,22540,23852,4848,2539,1554,178612.48,Sun,
2024-10-28,2344998,25483,24624.5,32757,19756,21004,4266,2212,1352,155253.25,Mon,
2024-10-29,2470353,26446,24710.74,34304,20541,22135,4378,2273,1382,160106.81,Tue,
2024-10-30,2330131,25168,24459.67,34557,20875,21972,4537,2346,1450,168708.63,Wed,
2024-10-31,2375795,25787,24536.01,40276,24094,26096,5149,2701,1651,186937.61,Thu,
2024-11-01,2290101,24870,24403.94,44231,26796,28146,5802,3003,1852,217375.24,Fri,
2024-11-02,2456399,25905,24590.5,45493,27100,29538,5820,2996,1845,210236.98,Sat,
2024-11-03,2357393,25624,24372.36,37144,22121,23770,4820,2521,1547,179157.82,Sun,
2024-11-04,2350035,25747,24776.84,32969,19774,21158,4253,2210,1338,155058.61,Mon,
2024-11-05,2411083,26289,24796.58,34082,20332,21964,4399,2292,1405,160068.74,Tue,
2024-11-06,2253004,24617,24280.88,34351,20853,21721,4460,2328,1442,167479.92,Wed,
2024-11-07,2420158,25915,24465.17,40969,24506,26422,5317,2786,1741,201641.91,Thu,
2024-11-08,2370848,25860,25050.7,44984,27249,29050,5778,3037,1852,213820.91,Fri,
2024-11-09,2328306,25265,24439.21,44995,27148,28619,5902,3076,1876,218271.42,Sat,
2024-11-10,2386406,25910,25020.8,37540,22367,24379,4844,2531,1559,183081.54,Sun,
2024-11-11,2399591,25717,24909.11,33143,19942,21298,4312,2215,1355,157937.84,Mon,
2024-11-12,2276759,25599,24762.2,33609,20307,21677,4376,2272,1401,161526.63,Tue,
2024-11-13,2280005,25179,24803.53,34608,20893,21943,4524,2391,1498,171637.92,Wed,
2024-11-14,2479451,26428,25562.59,41266,24956,26763,5323,2784,1692,197477.35,Thu,
2024-11-15,2406287,26158,25187.17,45266,27224,29471,5741,2975,1818,213636.67,Fri,
2024-11-16,2325097,25825,25039.47,45760,27584,29398,5864,3021,1874,217656.98,Sat,
2024-11-17,2439945,26012,25054.87,37770,22582,24363,4817,2514,1533,177620.5,Sun,
2024-11-18,2435162,26184,24636.63,33357,19973,21312,4289,2222,1355,157866.49,Mon,
2024-11-19,2349876,25658,24708.31,33686,20191,21520,4386,2283,1424,166058.43,Tue,
2024-11-20,2529152,26825,25323.1,36305,21670,23550,4585,2391,1457,169218.62,Wed,
2024-11-21,2430509,26364,24841.69,41567,25121,26729,5329,2788,1730,199122.43,Thu,
2024-11-22,3358220,36350,38484.65,76278,46337,47155,14833,7833,4759,584335.99,Fri,White Friday 2024
2024-11-23,3341262,36288,37927.2,77594,47309,48236,15332,7989,4988,617797.69,Sat,White Friday 2024
2024-11-24,3230733,35688,37908.66,63676,39267,38852,12487,6427,3999,492511.46,Sun,White Friday 2024
2024-11-25,3147717,35161,38263.15,54662,33490,33666,10717,5609,3437,431047.27,Mon,White Friday 2024
2024-11-26,3301454,35930,37977.49,57483,35027,35529,11326,5856,3652,452000.54,Tue,White Friday 2024
2024-11-27,3260486,35477,37731.3,59246,36141,36751,11565,6085,3774,465146.63,Wed,White Friday 2024
2024-11-28,3248913,36282,38249.81,68427,41698,42217,13433,7034,4390,547267.91,Thu,White Friday 2024
2024-11-29,3234849,35568,37878.19,75740,45915,46286,14707,7628,4798,590187.42,Fri,White Friday 2024
2024-11-30,3308996,36339,38126.15,78424,47671,48588,15262,7958,5018,615332.55,Sat,White Friday 2024
2024-12-01,3250549,35096,37405.5,62276,38045,38310,12336,6393,3986,496800.54,Sun,White Friday 2024
2024-12-02,2349104,25875,24889.41,33217,19891,21387,4303,2243,1381,160058.18,Mon,
2024-12-03,2399430,26589,25416.78,34437,20745,22140,4484,2331,1431,163862.02,Tue,
2024-12-04,2429817,26085,25059.5,35789,21512,23078,4693,2450,1502,173631.96,Wed,
2024-12-05,3001953,32759,34453.94,57963,35280,36147,9191,4765,2954,408101.38,Thu,Dubai Shopping Festival 24/25
2024-12-06,2907311,32262,34704.21,62793,38495,39268,9935,5203,3196,430882.89,Fri,Dubai Shopping Festival 24/25
2024-12-07,2904068,32496,34894.05,63646,38706,39705,10225,5287,3252,448415.27,Sat,Dubai Shopping Festival 24/25
2024-12-08,3092045,33707,35201.55,53903,32596,33964,8414,4406,2738,378564.36,Sun,Dubai Shopping Festival 24/25
2024-12-09,2930922,32474,34787.13,46511,28345,29480,7317,3794,2360,325414.75,Mon,Dubai Shopping Festival 24/25
2024-12-10,2987760,32536,34711.67,47529,29042,29894,7506,3908,2408,327933.3,Tue,Dubai Shopping Festival 24/25
2024-12-11,2989562,32830,35369.16,50092,30733,30750,7883,4065,2511,345834.36,Wed,Dubai Shopping Festival 24/25
2024-12-12,3129456,33563,34826.62,58700,35443,37003,9172,4762,2920,398980.06,Thu,Dubai Shopping Festival 24/25
2024-12-13,3075900,32891,35162.68,63958,39252,39882,10210,5262,3258,455558.54,Fri,Dubai Shopping Festival 24/25
2024-12-14,2955969,32730,35078.52,65107,39734,40471,10382,5411,3355,469917.75,Sat,Dubai Shopping Festival 24/25
2024-12-15,2983729,32606,34517.44,52731,32022,33090,8300,4370,2705,378867.64,Sun,Dubai Shopping Festival 24/25
2024-12-16,3094779,33308,34959.72,48055,29190,29841,7533,3882,2420,337334.6,Mon,Dubai Shopping Festival 24/25
2024-12-17,2948662,32418,34338.94,47785,29039,29717,7621,3931,2427,335897.36,Tue,Dubai Shopping Festival 24/25
2024-12-18,3020115,32737,34566.92,50178,30438,31324,7941,4160,2576,355434.21,Wed,Dubai Shopping Festival 24/25
2024-12-19,3055548,33312,35067.18,58391,35574,36457,9207,4814,2944,413552.24,Thu,Dubai Shopping Festival 24/25
2024-12-20,2980058,32942,35537.92,63372,38157,39897,9980,5144,3206,439367.27,Fri,Dubai Shopping Festival 24/25
2024-12-21,3071902,32976,34898.9,64282,38818,40351,10079,5266,3219,449331.04,Sat,Dubai Shopping Festival 24/25
2024-12-22,2948318,32239,34250.17,52581,31722,32826,8418,4329,2671,367855.85,Sun,Dubai Shopping Festival 24/25
2024-12-23,3055612,33289,34691.94,47398,28743,29843,7429,3915,2428,331570.2,Mon,Dubai Shopping Festival 24/25
2024-12-24,3043917,33246,35159.98,48096,29108,30156,7619,3984,2484,339798.5,Tue,Dubai Shopping Festival 24/25
2024-12-25,2890386,31917,34021.83,48675,29737,30540,7791,4057,2528,343220.55,Wed,Dubai Shopping Festival 24/25
2024-12-26,3037476,33213,34742.82,58226,35449,36741,9214,4754,2919,400395.72,Thu,Dubai Shopping Festival 24/25
2024-12-27,2979899,33158,35140.71,63877,38764,40254,9891,5159,3217,442529.85,Fri,Dubai Shopping Festival 24/25
2024-12-28,2907872,32247,34692.92,63896,38749,39848,9977,5191,3187,436913.4,Sat,Dubai Shopping Festival 24/25
2024-12-29,3107255,33302,35128.13,54519,33271,34199,8427,4435,2733,380130.71,Sun,Dubai Shopping Festival 24/25
2024-12-30,3017292,32936,35387.53,47321,28880,29469,7479,3891,2408,331987.92,Mon,Dubai Shopping Festival 24/25
2024-12-31,3033328,33194,34820.75,48896,29804,30643,7734,4019,2491,338977.79,Tue,Dubai Shopping Festival 24/25
2025-01-01,3271890,36330,39106.12,53522,32117,33912,8367,4388,2717,370688.25,Wed,Dubai Shopping Festival 24/25
2025-01-02,3341089,35937,38691.03,61132,36981,38564,9596,4963,3055,420123.95,Thu,Dubai Shopping Festival 24/25
2025-01-03,3269039,36496,38925.85,68871,41767,44052,10728,5569,3451,473091.13,Fri,Dubai Shopping Festival 24/25
2025-01-04,3212906,35299,38006.89,68011,41104,42856,10527,5474,3382,469478.51,Sat,Dubai Shopping Festival 24/25
2025-01-05,3391468,36669,38184.07,57364,34265,36141,8860,4642,2873,395497.89,Sun,Dubai Shopping Festival 24/25
2025-01-06,3300192,35742,38537.93,50299,30253,31472,7852,4083,2529,343854.51,Mon,Dubai Shopping Festival 24/25
2025-01-07,3336566,36220,38698.86,50393,30452,32148,7770,4061,2511,339223.3,Tue,Dubai Shopping Festival 24/25
2025-01-08,3204866,35350,37881.95,52765,32130,32993,8245,4245,2635,362017.32,Wed,Dubai Shopping Festival 24/25
2025-01-09,3402232,36148,37888.41,60869,36753,38548,9419,4892,3001,407897.35,Thu,Dubai Shopping Festival 24/25
2025-01-10,3387632,36635,38699.05,68097,41075,43430,10577,5494,3348,457318.84,Fri,Dubai Shopping Festival 24/25
2025-01-11,3219153,35486,38198.95,67424,41037,42740,10330,5398,3314,450334.71,Sat,Dubai Shopping Festival 24/25
2025-01-12,3190018,35482,38475.28,56179,34024,35057,8821,4585,2827,386441.75,Sun,Dubai Shopping Festival 24/25
2025-01-13,2580467,27514,26926.26,34874,21209,22693,4465,2344,1452,168213.96,Mon,
2025-01-14,2618903,27998,27135.41,36010,21491,23388,4699,2448,1494,173320.72,Tue,
2025-01-15,2673127,28830,27498.06,38590,23136,25116,4916,2557,1553,183141.06,Wed,
2025-01-16,2496882,27522,27050.11,42637,25583,27460,5538,2856,1751,203605.23,Thu,
2025-01-17,2682787,28807,27504.01,48093,28685,31323,6140,3198,1939,221207.85,Fri,
2025-01-18,2501716,27730,27300.71,48129,29175,31127,6359,3301,2037,238059.07,Sat,
2025-01-19,2576655,27597,27160.65,39545,23650,25594,5055,2622,1625,186383.61,Sun,
2025-01-20,2597024,28378,27679.57,35254,21171,22817,4630,2436,1489,175341.21,Mon,
2025-01-21,2520959,27523,27372.09,35572,21572,23033,4643,2410,1464,169324.64,Tue,
2025-01-22,2532164,27757,27042.23,37588,22569,24167,4806,2506,1516,177052.66,Wed,
2025-01-23,2593483,28233,27844.98,43049,25823,27969,5647,2948,1823,207551.17,Thu,
2025-01-24,2530365,27687,26707.11,47262,28127,30696,6013,3113,1917,221888.15,Fri,
2025-01-25,2619239,28393,27386.45,48246,28774,31535,6232,3215,1975,229598.37,Sat,
2025-01-26,2586249,28021,27157.37,39787,23779,25570,5200,2683,1627,188806.22,Sun,
2025-01-27,2618317,28215,26914.71,34873,20887,22608,4497,2312,1404,165812.22,Mon,
2025-01-28,2620557,28073,27514.9,35919,21554,23134,4648,2397,1473,171046.01,Tue,
2025-01-29,2541752,27879,26901.04,37353,22212,24158,4769,2472,1507,177023.68,Wed,
2025-01-30,2536036,28096,27237.67,42858,25748,27983,5549,2896,1766,203988.56,Thu,
2025-01-31,2687223,28942,27614.59,48419,28891,31870,6165,3247,1987,227684.64,Fri,
2025-02-01,2531166,27583,27112.5,48052,28897,31037,6243,3270,2001,234213.59,Sat,
2025-02-02,2570292,28322,27644.03,39472,23692,25879,5071,2659,1617,183739.92,Sun,
2025-02-03,2536986,27870,27219.77,34870,21026,22481,4480,2341,1428,168982.47,Mon,
2025-02-04,2607010,28618,27559.12,36430,21841,23807,4666,2396,1464,170029.85,Tue,
2025-02-05,2521129,27792,27226.47,37397,22540,24350,4835,2493,1502,174039.72,Wed,
2025-02-06,2728726,28695,27050.74,44120,26442,28974,5560,2922,1782,203524.53,Thu,
2025-02-07,2555492,27755,26826.38,47081,28145,30775,5993,3103,1904,221138.06,Fri,
2025-02-08,2521125,27851,27113.7,48489,28980,31191,6266,3289,1995,233414.16,Sat,
2025-02-09,2599454,28177,27206.32,39278,23692,25524,5052,2617,1602,185829.19,Sun,
2025-02-10,2489398,27009,26933.37,34171,20752,21878,4463,2303,1401,160749.48,Mon,
2025-02-11,2519713,27408,27096.54,35615,21490,22909,4677,2454,1513,177458.89,Tue,
2025-02-12,2537693,27739,26911.58,37029,22201,24115,4762,2481,1516,172352.26,Wed,
2025-02-13,2491174,27334,26708.36,42615,25593,27431,5523,2860,1761,204058.66,Thu,
2025-02-14,2528964,27410,26512.59,46639,27833,30401,5985,3090,1868,219725.9,Fri,
2025-02-15,2473861,27250,26742.57,47622,28582,30710,6217,3209,1961,232629.04,Sat,
2025-02-16,2574457,28145,27443.65,39922,23804,25865,5103,2644,1641,192894.33,Sun,
2025-02-17,2574934,27934,26705.8,35128,20891,22808,4569,2362,1442,170531.12,Mon,
2025-02-18,2608349,28350,26990.71,36470,21808,23678,4606,2426,1467,171968.12,Tue,
2025-02-19,2417243,27018,26475.41,36766,22186,23656,4826,2489,1514,177526.3,Wed,
2025-02-20,2497242,26965,26116.58,66222,42478,41271,8584,4454,2741,311598.75,Thu,
2025-02-21,2619329,28043,26580.54,75420,48185,46881,9667,5066,3141,359821.47,Fri,
2025-02-22,2501481,27277,26114.94,47529,28505,30779,6105,3161,1952,226364.55,Sat,
2025-02-23,2504670,27609,26702.73,39583,23736,25761,5096,2636,1624,185627.15,Sun,
2025-02-24,2503288,27342,26743.34,34502,20769,22432,4499,2332,1431,162099.53,Mon,
2025-02-25,2456538,27328,26264.43,35557,21566,22864,4638,2405,1468,169814.61,Tue,
2025-02-26,2501500,27268,26353.42,36915,22151,23804,4789,2524,1530,175343.69,Wed,
2025-02-27,2543230,27423,26931.44,42122,25154,27372,5374,2796,1726,202649.86,Thu,
2025-02-28,2480427,27245,26663.77,46512,27716,30198,6014,3146,1934,221937.4,Fri,
2025-03-01,2883715,31399,33238.12,57164,34586,35942,6941,3652,2225,308736.98,Sat,Ramadan 2025
2025-03-02,2791034,30700,32939.59,45825,27827,28983,5480,2872,1769,241723.9,Sun,Ramadan 2025
2025-03-03,2764834,30366,32887.61,40594,24587,25620,4951,2562,1598,218867.39,Mon,Ramadan 2025
2025-03-04,2709148,30025,32824.46,40419,24395,25560,5003,2595,1611,218987.14,Tue,Ramadan 2025
2025-03-05,2839836,31304,33814.36,43428,26257,27586,5249,2729,1659,230218.57,Wed,Ramadan 2025
2025-03-06,2723548,29998,32475.34,48643,29419,30677,5966,3135,1924,262665.87,Thu,Ramadan 2025
2025-03-07,2909789,31839,33862.89,56481,34118,36104,6788,3536,2158,301548.17,Fri,Ramadan 2025
2025-03-08,2852436,31040,32497.97,56135,33688,35716,6696,3508,2174,296147.64,Sat,Ramadan 2025
2025-03-09,2825787,30960,33241.93,45812,27433,29080,5465,2835,1748,242546.97,Sun,Ramadan 2025
2025-03-10,2859477,31163,33069.38,41229,24980,26229,5002,2598,1588,217163.41,Mon,Ramadan 2025
2025-03-11,2713771,30470,32831.94,40964,24683,25996,4974,2601,1603,219219.08,Tue,Ramadan 2025
2025-03-12,2904085,31446,33043.28,44093,26477,27779,5276,2732,1676,226569.93,Wed,Ramadan 2025
2025-03-13,2784326,31132,32631.84,49817,30114,31779,5986,3114,1910,257918.83,Thu,Ramadan 2025
2025-03-14,2793048,30312,32595.93,55033,33460,34980,6863,3590,2239,301081.34,Fri,Ramadan 2025
2025-03-15,2901584,31240,33238.82,57115,34377,36470,6906,3577,2197,293144.96,Sat,Ramadan 2025
2025-03-16,2926120,31337,32988.86,46069,27758,29663,5464,2848,1758,239195.03,Sun,Ramadan 2025
2025-03-17,2713279,29735,32245.67,39837,24085,25112,4873,2533,1573,214082.76,Mon,Ramadan 2025
2025-03-18,2895127,31273,33240.53,41840,25235,26600,5037,2615,1603,218061.86,Tue,Ramadan 2025
2025-03-19,2757937,30529,32692.33,42797,25993,27110,5161,2693,1661,231572.52,Wed,Ramadan 2025
2025-03-20,2768426,30019,32028.94,49066,29837,30974,5943,3124,1938,262365.15,Thu,Ramadan 2025
2025-03-21,2800692,30879,32405.14,55289,33555,34784,6667,3494,2124,294181.18,Fri,Ramadan 2025
2025-03-22,2887543,30680,32815.58,55956,33743,35616,6743,3486,2166,298057.95,Sat,Ramadan 2025
2025-03-23,2750593,30303,32306.8,45771,27699,29243,5539,2882,1769,241381.15,Sun,Ramadan 2025
2025-03-24,2772734,30098,32363.63,39725,24161,25518,4840,2544,1587,214912.85,Mon,Ramadan 2025
2025-03-25,2774806,30251,32618.41,40504,24566,25893,4868,2540,1553,211270.32,Tue,Ramadan 2025
2025-03-26,2757260,30378,32008.66,43447,26365,27587,5319,2755,1678,230246.78,Wed,Ramadan 2025
2025-03-27,2781955,29997,32103.82,48447,29352,30813,5831,3033,1864,256327.38,Thu,Ramadan 2025
2025-03-28,2778826,30376,32696.13,54645,33338,34626,6651,3475,2135,297558.25,Fri,Ramadan 2025
2025-03-29,2629481,29354,31880.16,54290,33076,34131,6570,3413,2107,290909.04,Sat,Ramadan 2025
2025-03-30,3004167,33385,36026.97,65256,40383,39401,11799,6109,3773,470580.42,Sun,Eid Al Fitr 2025
2025-03-31,3127956,34666,37242.37,57390,35281,35280,10355,5319,3277,408147.35,Mon,Eid Al Fitr 2025
2025-04-01,3070721,33522,36233.64,57186,35313,35222,10261,5343,3319,407890.71,Tue,Eid Al Fitr 2025
2025-04-02,3108566,33820,36035.49,60487,37387,36514,10970,5689,3539,436363.58,Wed,Eid Al Fitr 2025
2025-04-03,3128656,34360,36605.54,70531,43359,43152,12758,6637,4156,509299.72,Thu,Eid Al Fitr 2025
2025-04-04,2480675,26297,25194.97,45568,27294,29428,5885,3083,1888,215927.3,Fri,
2025-04-05,2364692,26191,25584.46,46963,28379,30029,6100,3139,1942,224343.93,Sat,
2025-04-06,2443583,26401,25395.17,38701,23273,24944,4977,2577,1587,180246.99,Sun,
2025-04-07,2373655,26121,25614.22,33486,20277,21343,4379,2270,1379,162165.46,Mon,
2025-04-08,2468398,26233,25335.42,34528,20699,22421,4418,2284,1399,159870.61,Tue,
2025-04-09,2388435,25851,25165.14,35538,21432,22844,4615,2409,1478,171932.3,Wed,
2025-04-10,2370767,25888,25324.29,41306,24882,26365,5378,2808,1706,198949.06,Thu,
2025-04-11,2506310,26510,25455.32,46232,27794,29746,5949,3093,1894,219471.42,Fri,
2025-04-12,2397993,25970,25487.95,46444,27906,29756,5981,3112,1891,218941.08,Sat,
2025-04-13,2390690,25470,25055.15,37308,22451,23965,4822,2510,1532,176248.75,Sun,
2025-04-14,2411723,26265,25316.94,34262,20573,21831,4464,2309,1419,166102.25,Mon,
2025-04-15,2443861,26408,25880.37,35021,21085,22381,4580,2373,1475,171579.69,Tue,
2025-04-16,2324658,25078,24205.86,35068,21183,22505,4539,2363,1453,168010.31,Wed,
2025-04-17,2446534,26233,25573.12,40784,24479,26267,5274,2755,1700,197503.03,Thu,
2025-04-18,2379307,25530,25296.22,45469,27421,29094,5875,3035,1844,214032.0,Fri,
2025-04-19,2391336,25711,24981.39,45447,27193,29190,5872,3071,1894,219762.5,Sat,
2025-04-20,2388067,26173,25318.95,38280,22934,24741,5025,2607,1570,181220.6,Sun,
2025-04-21,2316281,25343,24818.82,33283,20174,21256,4372,2294,1412,166561.21,Mon,
2025-04-22,2357204,25743,25137.78,34185,20677,21748,4447,2309,1420,165061.2,Tue,
2025-04-23,2357137,25943,25367.84,35671,21437,22976,4675,2442,1507,172308.27,Wed,
2025-04-24,2422602,25959,25183.4,40740,24392,26206,5314,2760,1701,197902.77,Thu,
2025-04-25,2309250,25224,24414.01,45415,27666,29092,5969,3111,1903,217523.88,Fri,
2025-04-26,2358468,25956,25292.03,46592,28229,29818,6049,3145,1926,223292.62,Sat,
2025-04-27,2432848,26189,25143.15,38185,22917,24776,4932,2589,1584,186193.98,Sun,
2025-04-28,2414706,25862,25160.82,33805,20422,21679,4338,2228,1361,156474.89,Mon,
2025-04-29,2328395,25504,24893.08,34075,20511,21650,4418,2309,1416,165545.98,Tue,
2025-04-30,2460739,26085,25160.05,35656,21216,23021,4553,2390,1468,170999.99,Wed,
2025-05-01,2381359,25912,25001.27,40924,24779,26205,5349,2801,1702,193449.83,Thu,
2025-05-02,2302855,25220,24666.7,44931,27209,28626,5879,3095,1896,219146.06,Fri,
2025-05-03,2340976,25792,25189.99,45542,27407,29219,5860,3065,1904,218611.68,Sat,
2025-05-04,2356969,25970,25069.17,38119,22945,24271,5065,2647,1626,188829.99,Sun,
2025-05-05,2305448,25400,24975.56,32939,19932,21082,4292,2195,1329,155176.08,Mon,
2025-05-06,2319273,25291,25092.65,34151,20673,21646,4471,2306,1411,166875.08,Tue,
2025-05-07,2328678,25972,25171.07,35666,21526,22807,4655,2426,1491,173847.65,Wed,
2025-05-08,2334787,25913,25276.17,41336,25044,26387,5500,2860,1751,205035.63,Thu,
2025-05-09,2374532,25384,24826.11,45224,27414,28802,5917,3052,1895,220227.24,Fri,
2025-05-10,2400198,25431,24675.18,45684,27528,29171,5843,3048,1869,214710.48,Sat,
2025-05-11,2366257,25441,24785.04,37539,22762,24129,4911,2550,1551,183207.56,Sun,
2025-05-12,2318435,25471,25245.85,33119,19974,21127,4336,2241,1368,157256.57,Mon,
2025-05-13,2471381,26207,25388.53,34835,20874,22425,4466,2344,1447,167958.8,Tue,
2025-05-14,2372275,25536,24966.93,35850,21604,22623,4719,2462,1515,175795.55,Wed,
2025-05-15,2371425,25456,24848.39,40494,24333,25942,5333,2759,1699,196803.52,Thu,
2025-05-16,2362956,25527,24728.76,44911,27087,28799,5876,3027,1848,213667.64,Fri,
2025-05-17,2286323,25233,24635.62,45518,27504,29110,5904,3072,1902,219930.03,Sat,
2025-05-18,2470781,26300,25157.06,38411,23005,25087,4926,2566,1565,183218.0,Sun,
2025-05-19,2385539,25644,25086.64,33490,20167,21461,4369,2272,1392,161632.86,Mon,
2025-05-20,2369428,25403,24911.46,33927,20646,21472,4404,2310,1412,160819.34,Tue,
2025-05-21,2349934,25429,24983.49,35199,21337,22535,4533,2372,1441,167894.33,Wed,
2025-05-22,2375789,25328,24624.58,40221,24330,25745,5257,2735,1678,195008.83,Thu,
2025-05-23,2234658,24777,24424.27,44169,26796,27969,5896,3100,1887,220377.99,Fri,
2025-05-24,2319954,25638,25321.11,46343,28103,29806,6046,3181,1963,230505.85,Sat,
2025-05-25,2356117,26039,25358.23,38277,23180,24366,4997,2612,1605,187826.67,Sun,
2025-05-26,2375176,25433,24538.95,33241,19832,21367,4382,2269,1399,162805.5,Mon,
2025-05-27,2332600,25404,24547.54,33632,20236,21545,4354,2293,1412,165863.9,Tue,
2025-05-28,2384422,25801,25450.69,35968,21910,22935,4731,2440,1515,175570.77,Wed,
2025-05-29,2425549,26310,25407.19,41899,25159,26946,5414,2821,1736,202880.81,Thu,
2025-05-30,2353087,25868,25016.31,45623,27435,28878,6046,3109,1906,218966.32,Fri,
2025-05-31,2355715,25980,25307.53,46318,27903,29658,6019,3109,1926,222761.77,Sat,
2025-06-01,2395891,25773,24971.49,38229,23218,24531,4913,2554,1567,184081.19,Sun,
2025-06-02,2364297,25384,24855.77,33351,20150,21425,4353,2275,1394,160273.98,Mon,
2025-06-03,2371869,25818,25539.68,34219,20570,21979,4421,2315,1411,165917.28,Tue,
2025-06-04,2453652,25931,24759.06,35599,21274,22899,4568,2391,1459,170436.45,Wed,
2025-06-05,2483797,26816,25627.68,42096,25256,27262,5389,2787,1716,197678.47,Thu,
2025-06-06,2468131,26456,25929.04,45853,27560,29685,6007,3114,1913,225820.44,Fri,
2025-06-07,2406539,25572,25284.37,46131,27888,29387,6060,3169,1995,231328.93,Sat,
2025-06-08,2438376,26132,25873.31,38587,23496,24766,5040,2604,1599,185923.5,Sun,
2025-06-09,2395769,25803,25423.12,33160,19941,21202,4325,2245,1388,161125.98,Mon,
2025-06-10,2483591,26385,25337.92,13083,7848,8485,1687,880,542,62546.91,Tue,
2025-06-11,2402877,25778,25381.62,13630,8274,8744,1764,918,558,65040.12,Wed,
2025-06-12,2422044,26334,25614.24,15859,9559,10167,2064,1064,650,75360.42,Thu,
2025-06-13,2406182,25832,25367.94,45627,27578,29327,5914,3096,1905,220945.85,Fri,
2025-06-14,2407337,26182,25292.02,46804,28168,29986,6080,3137,1954,229421.75,Sat,
2025-06-15,2388831,26129,25164.46,38977,23394,25139,5066,2631,1639,189250.73,Sun,
2025-06-16,2394945,26165,25809.09,33888,20447,21786,4420,2336,1439,167893.65,Mon,
2025-06-17,2453042,26152,25607.32,34760,21024,22111,4576,2384,1458,169691.38,Tue,
2025-06-18,2417848,25858,24999.63,36207,22032,23113,4692,2455,1515,179279.22,Wed,
2025-06-19,2384021,25869,25888.68,41365,25118,26570,5497,2862,1759,208036.06,Thu,
2025-06-20,2497820,26514,25798.68,46124,27874,29539,5962,3089,1896,220986.82,Fri,
2025-06-21,2374940,26081,25665.0,47192,28539,30117,6108,3204,1953,226011.89,Sat,
2025-06-22,2414181,26156,25679.39,38257,23037,24596,5005,2601,1587,184897.09,Sun,
2025-06-23,2409015,25882,25496.46,33592,20276,21545,4267,2194,1334,155470.63,Mon,
2025-06-24,2406129,26199,25473.77,34606,20853,22147,4479,2317,1423,165825.7,Tue,
2025-06-25,2522576,26584,25518.98,36440,22007,23710,4650,2420,1489,169722.9,Wed,
2025-06-26,2348505,25698,24960.72,40975,24968,26154,5434,2833,1730,202740.34,Thu,
2025-06-27,2475076,27023,26328.1,46652,27915,29989,6106,3223,2014,239863.96,Fri,
2025-06-28,2384661,26357,25626.3,47430,28424,30655,6132,3205,1982,231639.14,Sat,
2025-06-29,2430668,26516,25496.37,38866,23514,24892,5042,2611,1562,180279.13,Sun,
2025-06-30,2341374,26072,25500.12,33662,20453,21678,4383,2271,1394,162550.68,Mon,
2025-07-01,2720032,29836,31534.32,36019,21569,23334,4850,2521,1531,209528.14,Tue,Summer Promo 2025
2025-07-02,2644225,29034,31488.26,36726,22067,23960,5017,2604,1583,214062.82,Wed,Summer Promo 2025
2025-07-03,2756894,29776,31817.19,43076,25842,28104,5756,3003,1828,251467.03,Thu,Summer Promo 2025
2025-07-04,2686864,29246,31313.45,46395,27788,29821,6304,3294,2044,282358.98,Fri,Summer Promo 2025
2025-07-05,2729770,28966,31086.06,47167,28186,30578,6349,3318,2034,281628.83,Sat,Summer Promo 2025
2025-07-06,2679326,29115,31132.13,38902,23422,25255,5341,2792,1706,234316.55,Sun,Summer Promo 2025
2025-07-07,2696138,29738,31693.39,34632,20726,22388,4701,2460,1513,204564.68,Mon,Summer Promo 2025
2025-07-08,2606591,28460,31632.57,34901,20914,22488,4688,2431,1489,204715.17,Tue,Summer Promo 2025
2025-07-09,2857477,30889,32646.89,38570,23135,25313,5211,2699,1637,224129.26,Wed,Summer Promo 2025
2025-07-10,2672014,29813,32441.12,42518,25484,27336,5783,3023,1852,250487.02,Thu,Summer Promo 2025
2025-07-11,2694771,29083,31082.55,46892,28191,30373,6370,3333,2055,283736.33,Fri,Summer Promo 2025
2025-07-12,2711279,29938,32264.43,48090,28871,31088,6668,3501,2164,297035.25,Sat,Summer Promo 2025
2025-07-13,2785436,30266,32461.57,40145,24002,25888,5459,2855,1742,239686.5,Sun,Summer Promo 2025
2025-07-14,2632343,29009,30913.83,34038,20537,21846,4658,2422,1485,201412.76,Mon,Summer Promo 2025
2025-07-15,2811565,30981,33237.29,36540,21869,23714,4993,2590,1572,214641.95,Tue,Summer Promo 2025
2025-07-16,2695997,29298,32052.21,37019,22248,23889,5072,2629,1612,220911.15,Wed,Summer Promo 2025
2025-07-17,2683740,29784,32061.63,42305,25502,27609,5787,3020,1845,251184.58,Thu,Summer Promo 2025
2025-07-18,2713375,29519,32178.28,47314,28451,30384,6393,3355,2061,284273.36,Fri,Summer Promo 2025
2025-07-19,2750795,29687,31691.26,48153,28821,31257,6426,3326,2031,277909.26,Sat,Summer Promo 2025
2025-07-20,2766774,29856,32649.27,39488,23593,25347,5404,2806,1709,237680.74,Sun,Summer Promo 2025
2025-07-21,2862464,30380,32693.54,35462,21137,22949,4753,2484,1500,202672.4,Mon,Summer Promo 2025
2025-07-22,2776430,29736,31930.46,35666,21516,23132,4904,2537,1540,209454.31,Tue,Summer Promo 2025
2025-07-23,2764907,29731,32186.96,37546,22706,24261,5199,2712,1668,227612.66,Wed,Summer Promo 2025
2025-07-24,2737225,29758,31996.17,43418,26034,27824,5904,3069,1896,258806.22,Thu,Summer Promo 2025
2025-07-25,2667499,29780,32661.82,47169,28233,30483,6410,3330,2022,273296.43,Fri,Summer Promo 2025
2025-07-26,2752580,30159,32419.38,48654,29265,31697,6610,3459,2101,281013.28,Sat,Summer Promo 2025
2025-07-27,2773876,30528,32477.6,40344,24288,26105,5510,2913,1789,241743.66,Sun,Summer Promo 2025
2025-07-28,2814011,30602,32910.03,35295,21120,22906,4733,2483,1512,204454.28,Mon,Summer Promo 2025
2025-07-29,2742989,30019,33034.83,36098,21794,23291,4927,2549,1554,212208.83,Tue,Summer Promo 2025
2025-07-30,2882178,30974,33564.51,38263,22873,24791,5169,2686,1621,222504.67,Wed,Summer Promo 2025
2025-07-31,2764967,29845,32412.38,42634,25533,27580,5772,3024,1837,248415.06,Thu,Summer Promo 2025
2025-08-01,2797203,30676,33121.12,48135,28835,31161,6566,3416,2073,284792.84,Fri,Summer Promo 2025
2025-08-02,2816339,30274,32475.68,49020,29484,31760,6724,3519,2160,299265.05,Sat,Summer Promo 2025
2025-08-03,2668880,29009,31989.01,38683,23144,24878,5309,2792,1699,233258.15,Sun,Summer Promo 2025
2025-08-04,2802062,30410,32778.83,35640,21373,22810,4936,2555,1579,216564.57,Mon,Summer Promo 2025
2025-08-05,2908202,30714,33123.58,36288,21508,23848,4877,2549,1554,211079.7,Tue,Summer Promo 2025
2025-08-06,2746916,30082,32614.28,37773,22678,24586,5172,2700,1645,223614.46,Wed,Summer Promo 2025
2025-08-07,2889123,30550,33184.94,44005,26425,28510,5943,3074,1898,262655.0,Thu,Summer Promo 2025
2025-08-08,2794959,30000,32789.94,47874,28571,31361,6470,3359,2061,281215.8,Fri,Summer Promo 2025
2025-08-09,2737646,29978,32589.8,48795,29438,31078,6703,3528,2129,290026.13,Sat,Summer Promo 2025
2025-08-10,2798241,30326,32607.87,40113,24037,25880,5457,2835,1766,242847.79,Sun,Summer Promo 2025
2025-08-11,2869343,31047,33579.73,36232,21611,23424,4832,2524,1546,210303.55,Mon,Summer Promo 2025
2025-08-12,2757916,29788,32591.59,35879,21494,23386,4815,2495,1546,212023.59,Tue,Summer Promo 2025
2025-08-13,2666787,29452,32327.95,37144,22424,23962,5098,2644,1632,219401.61,Wed,Summer Promo 2025
2025-08-14,2878141,31163,33762.16,44047,26376,28626,5909,3064,1871,260755.33,Thu,Summer Promo 2025
2025-08-15,2903803,30799,33168.73,48168,28840,31382,6611,3430,2110,286848.42,Fri,Summer Promo 2025
2025-08-16,2591615,27882,27584.88,48306,28945,31467,6206,3215,1962,226729.27,Sat,
2025-08-17,2612420,28072,27528.67,40678,24550,26283,5298,2757,1710,198447.75,Sun,
2025-08-18,2647181,28310,27552.74,35569,21295,23166,4554,2371,1456,168178.69,Mon,
2025-08-19,2592992,27549,26781.5,36086,21877,23385,4673,2450,1512,175814.9,Tue,
2025-08-20,2556095,27618,27229.02,37923,22871,24520,4941,2587,1591,182538.9,Wed,
2025-08-21,2542601,27467,27120.41,42832,25814,27538,5530,2856,1762,204933.4,Thu,
2025-08-22,2600725,28033,27395.1,48553,29074,31336,6260,3217,1957,226391.41,Fri,
2025-08-23,2579187,27523,26842.62,48223,28904,31384,6213,3229,2004,235095.95,Sat,
2025-08-24,2501734,27911,27871.79,39619,23962,25540,5169,2658,1633,188266.27,Sun,
2025-08-25,2495645,27109,27318.54,34632,20956,22189,4590,2404,1476,172843.86,Mon,
2025-08-26,2652894,28197,27677.8,36574,21873,23572,4715,2460,1506,174125.45,Tue,
2025-08-27,2625156,27872,27309.96,37732,22640,24627,4848,2527,1556,182154.55,Wed,
2025-08-28,2528025,27971,27666.15,43281,26081,27813,5691,2937,1803,208361.79,Thu,
2025-08-29,2618949,27713,27245.5,47690,28761,30956,6114,3180,1939,227641.09,Fri,
2025-08-30,2580529,28182,27573.41,49650,29899,31893,6381,3343,2044,234445.69,Sat,
2025-08-31,2584901,27909,27372.86,40224,24204,25950,5186,2701,1658,190461.93,Sun,
2025-09-01,2623317,28543,28078.27,36067,21729,23446,4680,2422,1478,171115.93,Mon,
2025-09-02,2627928,28232,27867.76,36915,22251,23798,4780,2468,1519,176048.2,Tue,
2025-09-03,2536130,28019,27841.36,37954,22861,24639,4905,2559,1569,178931.46,Wed,
2025-09-04,2690894,28899,27931.22,45057,27022,29193,5775,3027,1845,212466.17,Thu,
2025-09-05,2567870,27636,27402.7,48301,29369,30977,6348,3318,2044,233691.45,Fri,
2025-09-06,2558714,27963,27990.65,48936,29568,31585,6323,3313,2019,236800.37,Sat,
2025-09-07,2626008,28141,27649.16,40020,24035,25856,5223,2736,1681,195303.74,Sun,
2025-09-08,2495434,27323,27335.5,35190,21465,22401,4619,2399,1457,167222.2,Mon,
2025-09-09,2597166,28144,28117.59,36295,21939,23561,4640,2421,1489,172749.09,Tue,
2025-09-10,2584553,28423,28019.02,38163,22971,24565,5041,2629,1612,188063.91,Wed,
2025-09-11,2712020,28403,27896.84,44102,26565,28638,5685,2948,1782,202446.21,Thu,
2025-09-12,2604129,27870,27181.56,48360,29170,31385,6313,3286,2023,232472.08,Fri,
2025-09-13,2570523,27928,27716.83,48832,29389,31573,6339,3325,2027,230858.46,Sat,
2025-09-14,2619480,28320,27566.51,40498,24252,26413,5220,2741,1684,198018.8,Sun,
2025-09-15,2607248,27970,27171.55,36024,21719,22991,4739,2451,1499,173551.94,Mon,
2025-09-16,2661521,28742,28114.22,36905,22175,23741,4744,2453,1501,173752.61,Tue,
2025-09-17,2558461,27620,27313.34,37694,22687,24418,4865,2535,1566,182976.57,Wed,
2025-09-18,2562557,28235,28161.89,43987,26684,28155,5731,2956,1816,211811.1,Thu,
2025-09-19,2544970,27894,27501.24,48355,29337,30950,6318,3277,1996,229634.91,Fri,
2025-09-20,2678933,28710,27722.91,49858,29873,32508,6389,3343,2024,233311.5,Sat,
2025-09-21,2597813,27490,27621.98,40368,24281,25968,5306,2767,1709,196491.21,Sun,
2025-09-22,2610461,27997,27624.17,35580,21511,22976,4609,2410,1491,173925.59,Mon,
2025-09-23,2636935,28224,27896.7,36571,22000,23678,4679,2461,1522,176781.89,Tue,
2025-09-24,2578988,27889,27601.5,37717,22771,24399,4869,2506,1533,180067.58,Wed,
2025-09-25,2636146,28239,27656.87,43729,26293,28318,5592,2968,1809,208635.13,Thu,
2025-09-26,2524310,27904,27605.83,47576,28569,30736,6183,3231,1975,231949.47,Fri,
2025-09-27,2636981,28334,27473.1,49927,30055,32383,6410,3325,2033,235154.34,Sat,
2025-09-28,2719585,28986,27907.33,41623,24981,26971,5315,2745,1681,199268.24,Sun,
2025-09-29,2646197,28457,27846.46,36406,22044,23237,4613,2369,1454,166345.81,Mon,
2025-09-30,2536713,27374,27475.88,36045,21734,23098,4588,2401,1471,168489.44,Tue,
2025-10-01,2676380,28615,27765.69,38571,22857,25060,4925,2579,1589,186765.31,Wed,
2025-10-02,2557509,27653,27757.89,43154,26088,27727,5598,2902,1795,211190.55,Thu,
2025-10-03,2713877,29586,28523.89,49632,29438,32568,6318,3321,2040,237403.18,Fri,
2025-10-04,2637550,28249,27473.22,49715,30206,32003,6445,3362,2041,236938.8,Sat,
2025-10-05,2547831,27654,27790.61,40077,24140,25740,5181,2672,1624,189651.88,Sun,
2025-10-06,2535451,27303,27066.12,35001,21081,22619,4546,2345,1451,170004.92,Mon,
2025-10-07,2601438,27634,27271.47,36070,21739,23097,4687,2438,1504,175004.98,Tue,
2025-10-08,2616031,27456,27284.1,37707,22769,24476,4930,2557,1561,182802.07,Wed,
2025-10-09,2721522,28655,27730.69,44209,26424,28797,5650,2931,1797,211580.19,Thu,
2025-10-10,2575036,27669,27777.86,47636,28851,30475,6268,3254,1987,233982.31,Fri,
2025-10-11,2685740,27964,27476.02,49266,29642,31994,6286,3308,2018,234753.9,Sat,
2025-10-12,2625623,28395,27760.63,40750,24343,26808,5259,2762,1690,198123.28,Sun,
2025-10-13,2730672,28506,28052.9,35849,21547,23294,4555,2371,1463,169240.75,Mon,
2025-10-14,2562666,27724,27486.69,36520,22158,23793,4728,2472,1533,177284.63,Tue,
2025-10-15,2529219,27774,27845.56,38132,23020,24291,5027,2643,1606,187808.25,Wed,
2025-10-16,2547387,27426,27280.22,42879,25746,27473,5547,2913,1779,208288.11,Thu,
2025-10-17,2564488,27780,27532.1,48220,29134,31189,6270,3252,1982,229905.82,Fri,
2025-10-18,2509325,27278,27295.45,48315,29113,31010,6291,3264,2019,236065.37,Sat,
2025-10-19,2605310,28072,27769.36,40641,24449,26304,5255,2724,1657,191429.99,Sun,
2025-10-20,2595006,27700,27372.26,35429,21416,22628,4660,2390,1468,170825.68,Mon,
2025-10-21,2484728,27481,27226.04,36154,21795,23061,4701,2467,1507,176334.25,Tue,
2025-10-22,2589892,27700,27548.86,37964,22845,24346,4910,2550,1556,182098.47,Wed,
2025-10-23,2644332,27748,27508.72,43470,26213,28097,5602,2910,1775,205309.61,Thu,
2025-10-24,2612088,27877,27361.32,48702,29278,30960,6234,3284,2031,238281.72,Fri,
2025-10-25,2596106,27755,26928.27,49093,29611,31684,6391,3314,2049,235366.91,Sat,
2025-10-26,2560167,27911,27226.03,40495,24389,26070,5310,2736,1673,194424.42,Sun,
2025-10-27,2645616,27977,27570.53,35668,21424,23123,4557,2387,1456,171630.94,Mon,
2025-10-28,2609111,28162,27937.22,36947,22362,23741,4812,2526,1552,179538.44,Tue,
2025-10-29,2583777,27962,27669.74,37783,22642,24494,4854,2538,1557,184262.08,Wed,
2025-10-30,2697948,28156,27925.19,43676,26295,28280,5615,2918,1763,204082.87,Thu,
2025-10-31,2617346,27727,27043.16,48195,28894,31158,6184,3209,1959,227239.3,Fri,
2025-11-01,2576803,27774,26997.42,49898,30177,31940,6509,3439,2104,242783.05,Sat,
2025-11-02,2625786,28212,27643.16,40569,24385,26139,5261,2734,1678,198277.04,Sun,
2025-11-03,2666124,28539,28352.52,36237,21670,23513,4590,2378,1438,164256.13,Mon,
2025-11-04,2561311,27612,27399.53,36052,21701,23067,4714,2462,1504,174052.91,Tue,
2025-11-05,2639553,28136,27276.0,37489,22380,24524,4826,2492,1506,169709.64,Wed,
2025-11-06,2530330,27354,26851.78,42700,25721,27476,5549,2915,1790,203939.22,Thu,
2025-11-07,2551439,27326,26762.72,47510,28595,30492,6197,3277,2011,232346.06,Fri,
2025-11-08,2565295,27952,27118.52,49807,30044,31982,6534,3429,2095,247461.94,Sat,
2025-11-09,2595412,27660,26921.35,40005,24106,26038,5151,2697,1658,194086.85,Sun,
2025-11-10,2553880,27415,27529.99,35030,21096,22660,4541,2374,1438,168650.57,Mon,
2025-11-11,2677096,28301,27435.98,37210,22306,24030,4884,2533,1557,179000.47,Tue,
2025-11-12,2603223,28031,27315.74,38706,23257,25007,5055,2622,1603,183849.45,Wed,
2025-11-13,2573513,27326,26831.5,42874,25927,27621,5494,2856,1761,208077.09,Thu,
2025-11-14,2544250,27480,26935.68,47663,28609,30870,6212,3232,1979,229548.29,Fri,
2025-11-15,2531814,27183,27290.36,48492,29271,30889,6416,3314,2027,238237.53,Sat,
2025-11-16,2586486,27210,26990.88,39714,24032,25491,5041,2661,1638,192322.92,Sun,
2025-11-17,2657084,27931,26975.59,35942,21541,23445,4578,2365,1443,167342.95,Mon,
2025-11-18,2586723,27366,26645.76,36127,21656,23353,4612,2425,1482,171872.51,Tue,
2025-11-19,2492547,27254,27484.48,37346,22450,24023,4838,2525,1542,181502.96,Wed,
2025-11-20,2583043,27412,26900.35,43397,26199,27717,5645,2941,1811,214296.28,Thu,
2025-11-21,3501726,38221,41120.12,81542,49851,49919,16368,8645,5321,654942.89,Fri,White Friday 2025
2025-11-22,3355614,36730,39900.2,81713,50267,49735,16969,8803,5514,697640.37,Sat,White Friday 2025
2025-11-23,3419007,36710,40007.88,65939,40782,40750,13286,6854,4247,522373.89,Sun,White Friday 2025
2025-11-24,3472179,37504,40659.52,59488,36618,36713,11750,6074,3777,466157.68,Mon,White Friday 2025
2025-11-25,3511065,38407,41579.09,61250,37547,37846,12188,6392,3937,490884.6,Tue,White Friday 2025
2025-11-26,3506659,37538,40211.94,63631,39012,39176,12809,6670,4142,514117.5,Wed,White Friday 2025
2025-11-27,3398773,36963,40751.61,71562,43811,44108,14371,7493,4662,580913.26,Thu,White Friday 2025
2025-11-28,3462072,36654,39189.45,79493,49001,48768,15974,8203,5122,624791.43,Fri,White Friday 2025
2025-11-29,3392255,36834,39750.6,81064,50295,49817,16270,8543,5349,646125.12,Sat,White Friday 2025
2025-11-30,3467409,36944,40645.79,67315,41507,41053,13755,7152,4474,557765.82,Sun,White Friday 2025
2025-12-01,2482846,26609,26351.07,34129,20490,22185,4464,2313,1418,164741.56,Mon,
2025-12-02,2499014,26373,26076.54,35177,21358,22517,4649,2428,1502,176855.64,Tue,
2025-12-03,2549620,26816,26420.76,36932,22181,23894,4740,2477,1510,176386.22,Wed,
2025-12-04,3119076,33591,37047.43,59342,36415,36899,9555,5020,3089,423622.77,Thu,Dubai Shopping Festival 25/26
2025-12-05,3105259,33488,36391.77,66356,40726,41075,10754,5622,3474,478714.5,Fri,Dubai Shopping Festival 25/26
2025-12-06,2981513,32033,35410.35,65202,39786,40300,10154,5266,3256,452176.19,Sat,Dubai Shopping Festival 25/26
2025-12-07,3193950,33992,37394.22,55499,33879,34715,8747,4612,2840,389502.88,Sun,Dubai Shopping Festival 25/26
2025-12-08,3179333,33688,36434.47,48995,29974,30769,7800,4086,2531,349082.04,Mon,Dubai Shopping Festival 25/26
2025-12-09,3067373,33317,36374.89,49763,30537,30788,7949,4110,2547,356508.15,Tue,Dubai Shopping Festival 25/26
2025-12-10,3109052,33385,36697.16,52054,31784,32391,8255,4300,2653,369677.68,Wed,Dubai Shopping Festival 25/26
2025-12-11,3092879,33262,36446.01,59632,36168,37518,9523,4943,3043,419680.07,Thu,Dubai Shopping Festival 25/26
2025-12-12,3102310,33477,36216.55,66765,40719,41588,10426,5492,3379,461734.06,Fri,Dubai Shopping Festival 25/26
2025-12-13,3133897,33528,36746.98,67201,41008,42430,10713,5610,3460,477675.32,Sat,Dubai Shopping Festival 25/26
2025-12-14,3092184,33225,36298.62,54931,33546,34500,8575,4488,2797,383422.03,Sun,Dubai Shopping Festival 25/26
2025-12-15,3108698,33537,36528.15,49279,30181,30675,7823,4069,2511,339355.43,Mon,Dubai Shopping Festival 25/26
2025-12-16,3068945,33403,36197.29,49784,30482,30725,7946,4131,2575,347953.56,Tue,Dubai Shopping Festival 25/26
2025-12-17,3149554,33450,36586.88,51394,31372,32401,8091,4206,2635,361604.43,Wed,Dubai Shopping Festival 25/26
2025-12-18,3114226,33899,35773.86,59977,36690,37588,9444,4951,3089,424679.38,Thu,Dubai Shopping Festival 25/26
2025-12-19,3134236,33485,36997.96,66548,40773,41342,10683,5577,3465,470844.88,Fri,Dubai Shopping Festival 25/26
2025-12-20,3011499,32955,36064.71,66038,40478,40925,10450,5514,3389,469855.9,Sat,Dubai Shopping Festival 25/26
2025-12-21,3101654,33498,36317.69,54567,33271,34269,8406,4392,2697,371087.08,Sun,Dubai Shopping Festival 25/26
2025-12-22,3093567,32925,35622.49,48037,29372,29773,7515,3872,2376,325660.06,Mon,Dubai Shopping Festival 25/26
2025-12-23,3101476,33371,36502.8,49790,30528,30638,7949,4165,2563,353748.3,Tue,Dubai Shopping Festival 25/26
2025-12-24,3122119,32934,35701.13,51152,31278,32042,8084,4219,2605,355913.01,Wed,Dubai Shopping Festival 25/26
2025-12-25,3029293,32330,35992.19,57514,35184,35998,9165,4754,2941,397691.54,Thu,Dubai Shopping Festival 25/26
2025-12-26,3066339,33201,35594.15,65464,39894,40705,10456,5467,3356,457985.97,Fri,Dubai Shopping Festival 25/26
2025-12-27,3141221,33230,35674.67,66698,40586,41519,10649,5576,3469,475405.71,Sat,Dubai Shopping Festival 25/26
2025-12-28,3092942,33337,36353.45,55139,33521,34156,8708,4503,2763,375398.38,Sun,Dubai Shopping Festival 25/26
2025-12-29,3115561,33272,35828.37,48771,29807,30238,7684,3978,2475,333310.13,Mon,Dubai Shopping Festival 25/26
2025-12-30,2974835,32413,35286.16,49032,30049,30137,7855,4090,2569,352542.22,Tue,Dubai Shopping Festival 25/26
2025-12-31,3045665,32481,35484.67,50884,31234,31612,8136,4242,2614,358233.83,Wed,Dubai Shopping Festival 25/26
